[
{
    "model": "jwt_auth.role",
    "pk": 1,
    "fields": {
        "name": "\u6587\u5b57\u6821\u5bf9\u5de5\u4f5c\u5458"
    }
},
{
    "model": "jwt_auth.role",
    "pk": 2,
    "fields": {
        "name": "\u6587\u5b57\u6821\u5bf9\u5ba1\u5b9a\u5458"
    }
},
{
    "model": "jwt_auth.role",
    "pk": 3,
    "fields": {
        "name": "\u6587\u5b57\u6821\u5bf9\u4e13\u5bb6"
    }
},
{
    "model": "jwt_auth.role",
    "pk": 4,
    "fields": {
        "name": "\u6821\u52d8\u5de5\u4f5c\u5458"
    }
},
{
    "model": "jwt_auth.role",
    "pk": 5,
    "fields": {
        "name": "\u6821\u52d8\u5ba1\u5b9a\u5458"
    }
},
{
    "model": "jwt_auth.role",
    "pk": 6,
    "fields": {
        "name": "\u6821\u52d8\u4e13\u5bb6"
    }
},
{
    "model": "jwt_auth.role",
    "pk": 7,
    "fields": {
        "name": "\u6807\u70b9\u5de5\u4f5c\u5458"
    }
},
{
    "model": "jwt_auth.role",
    "pk": 8,
    "fields": {
        "name": "\u6807\u70b9\u5ba1\u5b9a\u5458"
    }
},
{
    "model": "jwt_auth.role",
    "pk": 9,
    "fields": {
        "name": "\u6807\u70b9\u4e13\u5bb6"
    }
},
{
    "model": "jwt_auth.role",
    "pk": 10,
    "fields": {
        "name": "格式标注审定员"
    }
},
{
    "model": "jwt_auth.role",
    "pk": 11,
    "fields": {
        "name": "格式标注员"
    }
},
{
    "model": "jwt_auth.role",
    "pk": 12,
    "fields": {
        "name": "切分校对审定员"
    }
},
{
    "model": "jwt_auth.role",
    "pk": 13,
    "fields": {
        "name": "切分校对员"
    }
},
{
    "model": "jwt_auth.role",
    "pk": 14,
    "fields": {
        "name": "\u5220\u6846\u5ba1\u5b9a\u5458"
    }
},
{
    "model": "jwt_auth.role",
    "pk": 15,
    "fields": {
        "name": "\u5b9a\u672c\u6807\u70b9\u5de5\u4f5c\u5458"
    }
},
{
    "model": "jwt_auth.role",
    "pk": 16,
    "fields": {
        "name": "\u5b9a\u672c\u6807\u70b9\u5ba1\u5b9a\u5458"
    }
},
{
    "model": "jwt_auth.role",
    "pk": 17,
    "fields": {
        "name": "\u5b9a\u672c\u6807\u70b9\u4e13\u5bb6"
    }
},
{
    "model": "jwt_auth.role",
    "pk": 18,
    "fields": {
        "name": "\u6587\u5b57\u6821\u5bf9\u53cd\u9988\u5ba1\u67e5\u5458"
    }
},
{
    "model": "jwt_auth.role",
    "pk": 19,
    "fields": {
        "name": "\u6821\u52d8\u53cd\u9988\u5ba1\u67e5\u5458"
    }
},
{
    "model": "jwt_auth.role",
    "pk": 20,
    "fields": {
        "name": "\u5b9a\u672c\u6807\u70b9\u53cd\u9988\u5ba1\u67e5\u5458"
    }
},
{
    "model": "jwt_auth.menu",
    "pk": 1,
    "fields": {
        "name": "\u6587\u5b57\u6821\u5bf9\u5de5\u4f5c\u5458",
        "menu_paths": [
            "/collate_tasks/correct",
            "/collate_history/correct"
        ],
        "is_active": true
    }
},
{
    "model": "jwt_auth.menu",
    "pk": 2,
    "fields": {
        "name": "\u6587\u5b57\u6821\u5bf9\u5ba1\u5b9a\u5458",
        "menu_paths": [
            "/collate_tasks/verify_correct",
            "/collate_history/verify_correct"
        ],
        "is_active": true
    }
},
{
    "model": "jwt_auth.menu",
    "pk": 3,
    "fields": {
        "name": "\u6587\u5b57\u6821\u5bf9\u4e13\u5bb6",
        "menu_paths": [
            "/collate_tasks/correct",
            "/collate_history/correct",
            "/collate_tasks/verify_correct",
            "/collate_history/verify_correct",
            "/collate_tasks/correct_difficult",
            "/collate_history/correct_difficult"
        ],
        "is_active": true
    }
},
{
    "model": "jwt_auth.menu",
    "pk": 4,
    "fields": {
        "name": "\u6821\u52d8\u5de5\u4f5c\u5458",
        "menu_paths": [
            "/collate_tasks/judge",
            "/collate_history/judge"
        ],
        "is_active": true
    }
},
{
    "model": "jwt_auth.menu",
    "pk": 5,
    "fields": {
        "name": "\u6821\u52d8\u5ba1\u5b9a\u5458",
        "menu_paths": [
            "/collate_tasks/verify_judge",
            "/collate_history/verify_judge"
        ],
        "is_active": true
    }
},
{
    "model": "jwt_auth.menu",
    "pk": 6,
    "fields": {
        "name": "\u6821\u52d8\u4e13\u5bb6",
        "menu_paths": [
            "/collate_tasks/judge",
            "/collate_history/judge",
            "/collate_tasks/verify_judge",
            "/collate_history/verify_judge",
            "/collate_tasks/judge_difficult",
            "/collate_history/judge_difficult"
        ],
        "is_active": true
    }
},
{
    "model": "jwt_auth.menu",
    "pk": 7,
    "fields": {
        "name": "\u6807\u70b9\u5de5\u4f5c\u5458",
        "menu_paths": [
            "/collate_tasks/punct",
            "/collate_history/punct"
        ],
        "is_active": true
    }
},
{
    "model": "jwt_auth.menu",
    "pk": 8,
    "fields": {
        "name": "\u6807\u70b9\u5ba1\u5b9a\u5458",
        "menu_paths": [
            "/collate_tasks/verify_punct",
            "/collate_history/verify_punct"
        ],
        "is_active": true
    }
},
{
    "model": "jwt_auth.menu",
    "pk": 9,
    "fields": {
        "name": "\u6807\u70b9\u4e13\u5bb6",
        "menu_paths": [
            "/collate_tasks/punct",
            "/collate_history/punct",
            "/collate_tasks/verify_punct",
            "/collate_history/verify_punct"
        ],
        "is_active": true
    }
},
{
    "model": "jwt_auth.menu",
    "pk": 10,
    "fields": {
        "name": "格式标注审定员",
        "menu_paths": [
            "/collate_tasks/verify_mark",
            "/collate_history/verify_mark"
        ],
        "is_active": true
    }
},
{
    "model": "jwt_auth.menu",
    "pk": 11,
    "fields": {
        "name": "格式标注员",
        "menu_paths": [
            "/collate_tasks/mark",
            "/collate_history/mark"
        ],
        "is_active": true
    }
},
{
    "model": "jwt_auth.menu",
    "pk": 12,
    "fields": {
        "name": "切分校对审定员",
        "menu_paths": [
            "/collate_tasks/pageverifytask",
            "/collate_history/pageverifytask"
        ],
        "is_active": true
    }
},
{
    "model": "jwt_auth.menu",
    "pk": 13,
    "fields": {
        "name": "切分校对员",
        "menu_paths": [
            "/collate_tasks/pagetask",
            "/collate_history/pagetask"
        ],
        "is_active": true
    }
},
{
    "model": "jwt_auth.menu",
    "pk": 14,
    "fields": {
        "name": "\u5220\u6846\u5ba1\u5b9a\u5458",
        "menu_paths": [
            "/jiaodui/checkdel",
            "/mytask/checkdel"
        ],
        "is_active": true
    }
},
{
    "model": "jwt_auth.menu",
    "pk": 15,
    "fields": {
        "name": "\u5b9a\u672c\u6807\u70b9\u5de5\u4f5c\u5458",
        "menu_paths": [
            "/collate_tasks/lqpunct",
            "/collate_history/lqpunct"
        ],
        "is_active": true
    }
},
{
    "model": "jwt_auth.menu",
    "pk": 16,
    "fields": {
        "name": "\u5b9a\u672c\u6807\u70b9\u5ba1\u5b9a\u5458",
        "menu_paths": [
            "/collate_tasks/verify_lqpunct",
            "/collate_history/verify_lqpunct"
        ],
        "is_active": true
    }
},
{
    "model": "jwt_auth.menu",
    "pk": 17,
    "fields": {
        "name": "\u5b9a\u672c\u6807\u70b9\u4e13\u5bb6",
        "menu_paths": [
            "/collate_tasks/lqpunct",
            "/collate_history/lqpunct",
            "/collate_tasks/verify_lqpunct",
            "/collate_history/verify_lqpunct"
        ],
        "is_active": true
    }
},
{
    "model": "jwt_auth.menu",
    "pk": 18,
    "fields": {
        "name": "\u6587\u5b57\u6821\u5bf9\u53cd\u9988\u5ba1\u67e5\u5458",
        "menu_paths": [
            "/collate_tasks/correctfeedback",
            "/collate_history/correctfeedback"
        ],
        "is_active": true
    }
},
{
    "model": "jwt_auth.menu",
    "pk": 19,
    "fields": {
        "name": "\u6821\u52d8\u53cd\u9988\u5ba1\u67e5\u5458",
        "menu_paths": [
            "/collate_tasks/judgefeedback",
            "/collate_history/judgefeedback"
        ],
        "is_active": true
    }
},
{
    "model": "jwt_auth.menu",
    "pk": 20,
    "fields": {
        "name": "\u5b9a\u672c\u6807\u70b9\u53cd\u9988\u5ba1\u67e5\u5458",
        "menu_paths": [
            "/collate_tasks/lqpunctfeedback",
            "/collate_history/lqpunctfeedback"
        ],
        "is_active": true
    }
},
{
    "model": "jwt_auth.staff",
    "pk": 1,
    "fields": {
        "password": "pbkdf2_sha256$100000$fe82Og8hXVp3$k4UHMzcYqo2IdliGHbewNGXsuYUtpiXR7RZM/zkcEwg=",
        "last_login": "2018-03-01T11:04:31.993Z",
        "username": "admin",
        "email": "admin@example.com",
        "is_active": true,
        "is_superuser": true,
        "is_admin": true,
        "introduce_by": "",
        "date_joined": "2018-03-01T08:17:09.800Z",
        "roles": [
            1,
            2,
            3,
            4,
            5,
            6,
            7,
            8,
            9,
            10,
            11,
            12,
            13,
            14,
            15,
            16,
            17
        ]
    }
},
{
    "model": "jwt_auth.staff",
    "pk": 4,
    "fields": {
        "password": "pbkdf2_sha256$100000$Fm4kHpW606lW$GVr/8gCL5OVzFXcGLVp8cc9LvKbO2ScD2f1B4qWYhzs=",
        "last_login": "2018-03-01T11:42:00Z",
        "username": "test",
        "email": "test@longquan.org",
        "is_active": true,
        "is_superuser": false,
        "is_admin": false,
        "introduce_by": "",
        "date_joined": "2018-03-01T11:49:47.698Z",
        "roles": [
            3,
            6,
            9,
            10,
            11,
            12,
            13,
            17,
            18,
            19,
            20
        
        ]
    }
},
{
    "model": "jwt_auth.permission",
    "pk": 1,
    "fields": {
        "name": "\u6587\u5b57\u6821\u5bf9\u5de5\u4f5c\u5458\u6743\u9650",
        "menu": 1,
        "is_active": true,
        "resources": [],
        "roles": [
            1
        ]
    }
},
{
    "model": "jwt_auth.permission",
    "pk": 2,
    "fields": {
        "name": "\u6587\u5b57\u6821\u5bf9\u5ba1\u5b9a\u5458\u6743\u9650",
        "menu": 2,
        "is_active": true,
        "resources": [],
        "roles": [
            2
        ]
    }
},
{
    "model": "jwt_auth.permission",
    "pk": 3,
    "fields": {
        "name": "\u6587\u5b57\u6821\u5bf9\u4e13\u5bb6\u6743\u9650",
        "menu": 3,
        "is_active": true,
        "resources": [],
        "roles": [
            3
        ]
    }
},
{
    "model": "jwt_auth.permission",
    "pk": 4,
    "fields": {
        "name": "\u6821\u52d8\u5de5\u4f5c\u5458\u6743\u9650",
        "menu": 4,
        "is_active": true,
        "resources": [],
        "roles": [
            4
        ]
    }
},
{
    "model": "jwt_auth.permission",
    "pk": 5,
    "fields": {
        "name": "\u6821\u52d8\u5ba1\u5b9a\u5458\u6743\u9650",
        "menu": 5,
        "is_active": true,
        "resources": [],
        "roles": [
            5
        ]
    }
},
{
    "model": "jwt_auth.permission",
    "pk": 6,
    "fields": {
        "name": "\u6821\u52d8\u4e13\u5bb6\u6743\u9650",
        "menu": 6,
        "is_active": true,
        "resources": [],
        "roles": [
            6
        ]
    }
},
{
    "model": "jwt_auth.permission",
    "pk": 7,
    "fields": {
        "name": "\u6807\u70b9\u5de5\u4f5c\u5458\u6743\u9650",
        "menu": 7,
        "is_active": true,
        "resources": [],
        "roles": [
            7
        ]
    }
},
{
    "model": "jwt_auth.permission",
    "pk": 8,
    "fields": {
        "name": "\u6807\u70b9\u5ba1\u5b9a\u5458\u6743\u9650",
        "menu": 8,
        "is_active": true,
        "resources": [],
        "roles": [
            8
        ]
    }
},
{
    "model": "jwt_auth.permission",
    "pk": 9,
    "fields": {
        "name": "\u6807\u70b9\u4e13\u5bb6\u6743\u9650",
        "menu": 9,
        "is_active": true,
        "resources": [],
        "roles": [
            9
        ]
    }
},
{
    "model": "jwt_auth.permission",
    "pk": 10,
    "fields": {
        "name": "格式标注审定员权限",
        "menu": 10,
        "is_active": true,
        "resources": [],
        "roles": [
            10
        ]
    }
},
{
    "model": "jwt_auth.permission",
    "pk": 11,
    "fields": {
        "name": "格式标注员权限",
        "menu": 11,
        "is_active": true,
        "resources": [],
        "roles": [
            11
        ]
    }
},
{
    "model": "jwt_auth.permission",
    "pk": 12,
    "fields": {
        "name": "切分校对审定员权限",
        "menu": 12,
        "is_active": true,
        "resources": [],
        "roles": [
            12
        ]
    }
},
{
    "model": "jwt_auth.permission",
    "pk": 13,
    "fields": {
        "name": "切分校对员权限",
        "menu": 13,
        "is_active": true,
        "resources": [],
        "roles": [
            13
        ]
    }
},
{
    "model": "jwt_auth.permission",
    "pk": 14,
    "fields": {
        "name": "\u5220\u6846\u5ba1\u5b9a\u5458\u6743\u9650",
        "menu": 14,
        "is_active": true,
        "resources": [],
        "roles": [
            14
        ]
    }
},
{
    "model": "jwt_auth.permission",
    "pk": 15,
    "fields": {
        "name": "\u5b9a\u672c\u6807\u70b9\u5de5\u4f5c\u5458\u6743\u9650",
        "menu": 15,
        "is_active": true,
        "resources": [],
        "roles": [
            15
        ]
    }
},
{
    "model": "jwt_auth.permission",
    "pk": 16,
    "fields": {
        "name": "\u5b9a\u672c\u6807\u70b9\u5ba1\u5b9a\u5458\u6743\u9650",
        "menu": 16,
        "is_active": true,
        "resources": [],
        "roles": [
            16
        ]
    }
},
{
    "model": "jwt_auth.permission",
    "pk": 17,
    "fields": {
        "name": "\u5b9a\u672c\u6807\u70b9\u4e13\u5bb6\u6743\u9650",
        "menu": 17,
        "is_active": true,
        "resources": [],
        "roles": [
            17
        ]
    }
},
{
    "model": "jwt_auth.permission",
    "pk": 18,
    "fields": {
        "name": "\u6587\u5b57\u6821\u5bf9\u53cd\u9988\u5ba1\u67e5\u5458",
        "menu": 18,
        "is_active": true,
        "resources": [],
        "roles": [
            18
        ]
    }
},
{
    "model": "jwt_auth.permission",
    "pk": 19,
    "fields": {
        "name": "\u6821\u52d8\u53cd\u9988\u5ba1\u67e5\u5458",
        "menu": 19,
        "is_active": true,
        "resources": [],
        "roles": [
            19
        ]
    }
},
{
    "model": "jwt_auth.permission",
    "pk": 20,
    "fields": {
        "name": "\u5b9a\u672c\u6807\u70b9\u53cd\u9988\u5ba1\u67e5\u5458",
        "menu": 20,
        "is_active": true,
        "resources": [],
        "roles": [
            20
        ]
    }
}
]
